e_rec,gammaFullNL,electronFullNL,positronFullNL
0.1000,0.200000,0.107355,1.022000
0.1100,0.200000,0.117337,1.022000
0.1200,0.200000,0.127334,1.022000
0.1300,0.200000,0.137260,1.022000
0.1400,0.200000,0.147185,1.022000
0.1500,0.200000,0.157109,1.022000
0.1600,0.202157,0.166986,1.022000
0.1700,0.213356,0.176885,1.022000
0.1800,0.224424,0.186751,1.022000
0.1900,0.235365,0.196582,1.022000
0.2000,0.246184,0.206430,1.022000
0.2100,0.256884,0.216208,1.022000
0.2200,0.267469,0.225967,1.022000
0.2300,0.277944,0.235761,1.022000
0.2400,0.288311,0.245490,1.022000
0.2500,0.298573,0.255220,1.022000
0.2600,0.309178,0.264958,1.022000
0.2700,0.319776,0.274652,1.022000
0.2800,0.330298,0.284381,1.022000
0.2900,0.340747,0.294046,1.022000
0.3000,0.351123,0.303706,1.022000
0.3100,0.361428,0.313407,1.022000
0.3200,0.371664,0.323053,1.022000
0.3300,0.381831,0.332724,1.022000
0.3400,0.391932,0.342366,1.022000
0.3500,0.402041,0.351978,1.022000
0.3600,0.412396,0.361636,1.022000
0.3700,0.422701,0.371236,1.022000
0.3800,0.432955,0.380865,1.022000
0.3900,0.443161,0.390485,1.022000
0.4000,0.453317,0.400084,1.022000
0.4100,0.463426,0.409709,1.022000
0.4200,0.473487,0.419284,1.022000
0.4300,0.483501,0.428870,1.022000
0.4400,0.493470,0.438443,1.022000
0.4500,0.503485,0.447998,1.022000
0.4600,0.513637,0.457599,1.022000
0.4700,0.523751,0.467153,1.022000
0.4800,0.533830,0.476741,1.022000
0.4900,0.543872,0.486296,1.022000
0.5000,0.553878,0.495831,1.022000
0.5100,0.563849,0.505421,1.022000
0.5200,0.573785,0.514972,1.022000
0.5300,0.583686,0.524543,1.022000
0.5400,0.593553,0.534055,1.022000
0.5500,0.603459,0.543571,1.022000
0.5600,0.613475,0.553142,1.022000
0.5700,0.623463,0.562673,1.022000
0.5800,0.633423,0.572259,1.022000
0.5900,0.643355,0.581790,1.022000
0.6000,0.653259,0.591280,1.022000
0.6100,0.663136,0.600795,1.022000
0.6200,0.672985,0.610293,1.022000
0.6300,0.682808,0.619837,1.022000
0.6400,0.692604,0.629346,1.022000
0.6500,0.702419,0.638883,1.022000
0.6600,0.712351,0.648402,1.022000
0.6700,0.722261,0.657902,1.022000
0.6800,0.732149,0.667432,1.022000
0.6900,0.742015,0.676913,1.022000
0.7000,0.751859,0.686436,1.022000
0.7100,0.761681,0.695914,1.022000
0.7200,0.771481,0.705415,1.022000
0.7300,0.781261,0.714956,1.022000
0.7400,0.791018,0.724442,1.022000
0.7500,0.800767,0.733953,1.022000
0.7600,0.810632,0.743426,1.022000
0.7700,0.820480,0.752939,1.022000
0.7800,0.830309,0.762449,1.022000
0.7900,0.840121,0.771947,1.022000
0.8000,0.849914,0.781487,1.022000
0.8100,0.859690,0.790978,1.022000
0.8200,0.869448,0.800508,1.022000
0.8300,0.879188,0.809960,1.022000
0.8400,0.888911,0.819416,1.022000
0.8500,0.898617,0.828889,1.022000
0.8600,0.908403,0.838321,1.022000
0.8700,0.918191,0.847874,1.022000
0.8800,0.927963,0.857402,1.022000
0.8900,0.937720,0.866912,1.022000
0.9000,0.947462,0.876401,1.022000
0.9100,0.957189,0.885864,1.022000
0.9200,0.966901,0.895367,1.034390
0.9300,0.976598,0.904816,1.045768
0.9400,0.986280,0.914302,1.056533
0.9500,0.995947,0.923762,1.067079
0.9600,1.005823,0.933267,1.077475
0.9700,1.015850,0.942760,1.087707
0.9800,1.025869,0.952145,1.097930
0.9900,1.035880,0.961598,1.108055
1.0000,1.045882,0.971109,1.118115
1.0100,1.055875,0.980648,1.128180
1.0200,1.065861,0.990117,1.138218
1.0300,1.075837,0.999577,1.148203
1.0400,1.085806,1.009078,1.158198
1.0500,1.095766,1.018535,1.168171
1.0600,1.105718,1.028037,1.178095
1.0700,1.115661,1.037496,1.188043
1.0800,1.125597,1.046977,1.197966
1.0900,1.135524,1.056457,1.207850
1.1000,1.145442,1.065916,1.217718
1.1100,1.155353,1.075419,1.227606
1.1200,1.165255,1.084879,1.237419
1.1300,1.175149,1.094382,1.247231
1.1400,1.185035,1.103839,1.257046
1.1500,1.194913,1.113300,1.266811
1.1600,1.204783,1.122783,1.276602
1.1700,1.214645,1.132234,1.286351
1.1800,1.224498,1.141728,1.296108
1.1900,1.234344,1.151179,1.305846
1.2000,1.244181,1.160665,1.315546
1.2100,1.254011,1.170126,1.325254
1.2200,1.263832,1.179580,1.334976
1.2300,1.273646,1.189074,1.344663
1.2400,1.283451,1.198527,1.354376
1.2500,1.293249,1.208022,1.364040
1.2600,1.303038,1.217475,1.373730
1.2700,1.312820,1.226952,1.383379
1.2800,1.322594,1.236425,1.393014
1.2900,1.332360,1.245879,1.402695
1.3000,1.342118,1.255375,1.412331
1.3100,1.351869,1.264830,1.421995
1.3200,1.361611,1.274326,1.431623
1.3300,1.371346,1.283782,1.441233
1.3400,1.381073,1.293249,1.450853
1.3500,1.390792,1.302732,1.460460
1.3600,1.400504,1.312176,1.470048
1.3700,1.410208,1.321664,1.479683
1.3800,1.419904,1.331109,1.489271
1.3900,1.429592,1.340591,1.498887
1.4000,1.439273,1.350043,1.508482
1.4100,1.448946,1.359493,1.518079
1.4200,1.458612,1.368978,1.527674
1.4300,1.468270,1.378425,1.537259
1.4400,1.477920,1.387914,1.546850
1.4500,1.487563,1.397362,1.556408
1.4600,1.497198,1.406840,1.565988
1.4700,1.506826,1.416308,1.575562
1.4800,1.516446,1.425761,1.585128
1.4900,1.526059,1.435256,1.594735
1.5000,1.535664,1.444709,1.604308
1.5100,1.545262,1.454205,1.613857
1.5200,1.554852,1.463659,1.623381
1.5300,1.564435,1.473130,1.632912
1.5400,1.574010,1.482610,1.642489
1.5500,1.583578,1.492065,1.652032
1.5600,1.593139,1.501563,1.661576
1.5700,1.602692,1.511023,1.671154
1.5800,1.612238,1.520519,1.680687
1.5900,1.621777,1.529984,1.690249
1.6000,1.631308,1.539450,1.699762
1.6100,1.640833,1.548947,1.709285
1.6200,1.650349,1.558409,1.718830
1.6300,1.659859,1.567911,1.728374
1.6400,1.669361,1.577374,1.737940
1.6500,1.678856,1.586861,1.747455
1.6600,1.688344,1.596340,1.756976
1.6700,1.697825,1.605791,1.766507
1.6800,1.707298,1.615277,1.776055
1.6900,1.716765,1.624721,1.785596
1.7000,1.726224,1.634207,1.795127
1.7100,1.735676,1.643652,1.804688
1.7200,1.745121,1.653114,1.814222
1.7300,1.754559,1.662585,1.823777
1.7400,1.763989,1.672031,1.833265
1.7500,1.773413,1.681519,1.842747
1.7600,1.782830,1.690965,1.852257
1.7700,1.792239,1.700452,1.861722
1.7800,1.801642,1.709919,1.871319
1.7900,1.811038,1.719391,1.880879
1.8000,1.820426,1.728890,1.890404
1.8100,1.829808,1.738356,1.899936
1.8200,1.839183,1.747862,1.909429
1.8300,1.848550,1.757328,1.918945
1.8400,1.857911,1.766821,1.928444
1.8500,1.867265,1.776303,1.937916
1.8600,1.876612,1.785770,1.947462
1.8700,1.885952,1.795278,1.956987
1.8800,1.895286,1.804745,1.966504
1.8900,1.904612,1.814251,1.975925
1.9000,1.913932,1.823718,1.985430
1.9100,1.923245,1.833198,1.994973
1.9200,1.932551,1.842692,2.004502
1.9300,1.941850,1.852160,2.014037
1.9400,1.951142,1.861668,2.023528
1.9500,1.960428,1.871136,2.033062
1.9600,1.969707,1.880637,2.042552
1.9700,1.978979,1.890113,2.052068
1.9800,1.988245,1.899583,2.061576
1.9900,1.997504,1.909073,2.071066
2.0000,2.007102,1.918521,2.080601
2.0100,2.016826,1.928011,2.090093
2.0200,2.026546,1.937460,2.099626
2.0300,2.036264,1.946933,2.109119
2.0400,2.045978,1.956401,2.118612
2.0500,2.055690,1.965851,2.128141
2.0600,2.065399,1.975343,2.137623
2.0700,2.075105,1.984794,2.147148
2.0800,2.084808,1.994286,2.156631
2.0900,2.094508,2.003744,2.166114
2.1000,2.104205,2.013224,2.175640
2.1100,2.113899,2.022719,2.185123
2.1200,2.123591,2.032187,2.194650
2.1300,2.133279,2.041696,2.204134
2.1400,2.142965,2.051165,2.213619
2.1500,2.152648,2.060665,2.223146
2.1600,2.162328,2.070144,2.232636
2.1700,2.172005,2.079614,2.242157
2.1800,2.181679,2.089124,2.251642
2.1900,2.191350,2.098595,2.261170
2.2000,2.201018,2.108105,2.270655
2.2100,2.210684,2.117577,2.280163
2.2200,2.220347,2.127067,2.289669
2.2300,2.230006,2.136561,2.299155
2.2400,2.239663,2.146034,2.308684
2.2500,2.249318,2.155546,2.318171
2.2600,2.258969,2.165019,2.327690
2.2700,2.268617,2.174528,2.337170
2.2800,2.278263,2.184007,2.346646
2.2900,2.287905,2.193485,2.356165
2.3000,2.297545,2.202996,2.365642
2.3100,2.307182,2.212473,2.375136
2.3200,2.316817,2.221990,2.384639
2.3300,2.326448,2.231468,2.394117
2.3400,2.336076,2.240967,2.403637
2.3500,2.345702,2.250464,2.413115
2.3600,2.355325,2.259943,2.422628
2.3700,2.364945,2.269461,2.432120
2.3800,2.374562,2.278941,2.441604
2.3900,2.384177,2.288458,2.451130
2.4000,2.393788,2.297941,2.460614
2.4100,2.403397,2.307428,2.470141
2.4200,2.413003,2.316942,2.479626
2.4300,2.422606,2.326424,2.489152
2.4400,2.432206,2.335944,2.498638
2.4500,2.441804,2.345427,2.508124
2.4600,2.451398,2.354931,2.517651
2.4700,2.460990,2.364431,2.527140
2.4800,2.470579,2.373915,2.536672
2.4900,2.480166,2.383437,2.546163
2.5000,2.489749,2.392921,2.555654
2.5100,2.499330,2.402440,2.565187
2.5200,2.508908,2.411914,2.574683
2.5300,2.518483,2.421393,2.584212
2.5400,2.528056,2.430899,2.593705
2.5500,2.537625,2.440372,2.603211
2.5600,2.547192,2.449885,2.612732
2.5700,2.556756,2.459359,2.622225
2.5800,2.566317,2.468857,2.631742
2.5900,2.575876,2.478347,2.641216
2.6000,2.585431,2.487822,2.650721
2.6100,2.594984,2.497337,2.660208
2.6200,2.604535,2.506813,2.669683
2.6300,2.614082,2.516328,2.679201
2.6400,2.623627,2.525804,2.688681
2.6500,2.633169,2.535291,2.698195
2.6600,2.642708,2.544798,2.707672
2.6700,2.652244,2.554275,2.717164
2.6800,2.661778,2.563792,2.726676
2.6900,2.671309,2.573271,2.736192
2.7000,2.680837,2.582776,2.745707
2.7100,2.690362,2.592267,2.755203
2.7200,2.699885,2.601749,2.764729
2.7300,2.709405,2.611278,2.774236
2.7400,2.718922,2.620769,2.783768
2.7500,2.728437,2.630298,2.793271
2.7600,2.737948,2.639790,2.802769
2.7700,2.747457,2.649292,2.812306
2.7800,2.756964,2.658813,2.821805
2.7900,2.766467,2.668306,2.831341
2.8000,2.775968,2.677837,2.840837
2.8100,2.785466,2.687331,2.850349
2.8200,2.794961,2.696848,2.859871
2.8300,2.804454,2.706357,2.869369
2.8400,2.813944,2.715852,2.878890
2.8500,2.823431,2.725384,2.888405
2.8600,2.832916,2.734880,2.897932
2.8700,2.842398,2.744413,2.907442
2.8800,2.851877,2.753909,2.916941
2.8900,2.861353,2.763412,2.926469
2.9000,2.870827,2.772941,2.935949
2.9100,2.880298,2.782438,2.945469
2.9200,2.889767,2.791973,2.954948
2.9300,2.899232,2.801469,2.964439
2.9400,2.908695,2.810977,2.973948
2.9500,2.918155,2.820483,2.983427
2.9600,2.927613,2.829972,2.992949
2.9700,2.937068,2.839499,3.002429
2.9800,2.946520,2.848988,3.011940
2.9900,2.955970,2.858513,3.021432
3.0000,2.965417,2.868006,3.030928
3.0100,2.974861,2.877499,3.040465
3.0200,2.984302,2.887025,3.049963
3.0300,2.993741,2.896516,3.059501
3.0400,3.003253,2.906046,3.068999
3.0500,3.012913,2.915537,3.078508
3.0600,3.022571,2.925047,3.088037
3.0700,3.032228,2.934560,3.097536
3.0800,3.041883,2.944052,3.107076
3.0900,3.051537,2.953584,3.116576
3.1000,3.061190,2.963077,3.126099
3.1100,3.070841,2.972602,3.135617
3.1200,3.080491,2.982103,3.145118
3.1300,3.090139,2.991598,3.154659
3.1400,3.099786,3.001131,3.164161
3.1500,3.109432,3.010636,3.173699
3.1600,3.119076,3.020178,3.183205
3.1700,3.128719,3.029684,3.192708
3.1800,3.138361,3.039202,3.202251
3.1900,3.148001,3.048732,3.211755
3.2000,3.157640,3.058239,3.221298
3.2100,3.167278,3.067783,3.230804
3.2200,3.176914,3.077290,3.240311
3.2300,3.186549,3.086822,3.249857
3.2400,3.196182,3.096342,3.259364
3.2500,3.205814,3.105850,3.268911
3.2600,3.215445,3.115396,3.278419
3.2700,3.225074,3.124905,3.287955
3.2800,3.234702,3.134450,3.297475
3.2900,3.244329,3.143961,3.306985
3.3000,3.253954,3.153475,3.316533
3.3100,3.263578,3.163018,3.326043
3.3200,3.273201,3.172528,3.335591
3.3300,3.282822,3.182076,3.345102
3.3400,3.292441,3.191587,3.354613
3.3500,3.302060,3.201114,3.364163
3.3600,3.311677,3.210649,3.373674
3.3700,3.321293,3.220162,3.383225
3.3800,3.330907,3.229713,3.392737
3.3900,3.340520,3.239227,3.402250
3.4000,3.350132,3.248767,3.411801
3.4100,3.359742,3.258293,3.421315
3.4200,3.369351,3.267808,3.430856
3.4300,3.378959,3.277360,3.440357
3.4400,3.388565,3.286876,3.449858
3.4500,3.398170,3.296427,3.459399
3.4600,3.407773,3.305945,3.468902
3.4700,3.417375,3.315465,3.478443
3.4800,3.426976,3.325015,3.487946
3.4900,3.436576,3.334533,3.497489
3.5000,3.446174,3.344087,3.506992
3.5100,3.455771,3.353605,3.516496
3.5200,3.465366,3.363137,3.526040
3.5300,3.474960,3.372679,3.535544
3.5400,3.484553,3.382198,3.545088
3.5500,3.494144,3.391754,3.554594
3.5600,3.503734,3.401275,3.564099
3.5700,3.513323,3.410830,3.573644
3.5800,3.522910,3.420374,3.583151
3.5900,3.532496,3.429907,3.592696
3.6000,3.542081,3.439475,3.602203
3.6100,3.551664,3.449008,3.611711
3.6200,3.561246,3.458572,3.621257
3.6300,3.570827,3.468111,3.630775
3.6400,3.580406,3.477645,3.640332
3.6500,3.589984,3.487214,3.649852
3.6600,3.599560,3.496749,3.659379
3.6700,3.609136,3.506319,3.668931
3.6800,3.618709,3.515855,3.678451
3.6900,3.628282,3.525397,3.688010
3.7000,3.637853,3.534962,3.697532
3.7100,3.647423,3.544499,3.707091
3.7200,3.656992,3.554071,3.716613
3.7300,3.666559,3.563608,3.726136
3.7400,3.676125,3.573158,3.735696
3.7500,3.685689,3.582718,3.745220
3.7600,3.695252,3.592256,3.754781
3.7700,3.704814,3.601826,3.764305
3.7800,3.714375,3.611339,3.773829
3.7900,3.723934,3.620875,3.783391
3.8000,3.733492,3.630403,3.792916
3.8100,3.743048,3.639917,3.802478
3.8200,3.752603,3.649469,3.812004
3.8300,3.762157,3.658983,3.821532
3.8400,3.771710,3.668532,3.831084
3.8500,3.781261,3.678051,3.840600
3.8600,3.790811,3.687568,3.850155
3.8700,3.800359,3.697120,3.859671
3.8800,3.809907,3.706636,3.869201
3.8900,3.819452,3.716190,3.878744
3.9000,3.828997,3.725707,3.888261
3.9100,3.838540,3.735236,3.897818
3.9200,3.848082,3.744779,3.907336
3.9300,3.857623,3.754297,3.916877
3.9400,3.867162,3.763853,3.926412
3.9500,3.876700,3.773371,3.935931
3.9600,3.886236,3.782912,3.945489
3.9700,3.895772,3.792447,3.955009
3.9800,3.905305,3.801968,3.964567
3.9900,3.914838,3.811531,3.974088
4.0000,3.924369,3.821057,3.983608
4.0100,3.933899,3.830614,3.993168
4.0200,3.943428,3.840148,4.002693
4.0300,3.952955,3.849675,4.012250
4.0400,3.962481,3.859240,4.021772
4.0500,3.972006,3.868768,4.031313
4.0600,3.981529,3.878333,4.040874
4.0700,3.991051,3.887862,4.050406
4.0800,4.000580,3.897397,4.059977
4.0900,4.010225,3.906957,4.069510
4.1000,4.019870,3.916487,4.079061
4.1100,4.029514,3.926053,4.088615
4.1200,4.039158,3.935584,4.098150
4.1300,4.048800,3.945129,4.107721
4.1400,4.058442,3.954682,4.117257
4.1500,4.068084,3.964214,4.126816
4.1600,4.077724,3.973782,4.136365
4.1700,4.087364,3.983314,4.145901
4.1800,4.097002,3.992869,4.155474
4.1900,4.106641,4.002417,4.165011
4.2000,4.116278,4.011953,4.174585
4.2100,4.125915,4.021526,4.184123
4.2200,4.135551,4.031064,4.193660
4.2300,4.145186,4.040631,4.203235
4.2400,4.154820,4.050176,4.212775
4.2500,4.164454,4.059714,4.222349
4.2600,4.174087,4.069289,4.231889
4.2700,4.183719,4.078828,4.241435
4.2800,4.193350,4.088403,4.251007
4.2900,4.202981,4.097943,4.260556
4.3000,4.212611,4.107486,4.270126
4.3100,4.222240,4.117059,4.279668
4.3200,4.231868,4.126600,4.289222
4.3300,4.241496,4.136176,4.298789
4.3400,4.251122,4.145718,4.308332
4.3500,4.260749,4.155269,4.317911
4.3600,4.270374,4.164837,4.327455
4.3700,4.279999,4.174379,4.337016
4.3800,4.289622,4.183958,4.346579
4.3900,4.299245,4.193501,4.356123
4.4000,4.308868,4.203060,4.365704
4.4100,4.318489,4.212623,4.375249
4.4200,4.328110,4.222167,4.384818
4.4300,4.337730,4.231747,4.394376
4.4400,4.347350,4.241291,4.403922
4.4500,4.356968,4.250858,4.413505
4.4600,4.366586,4.260417,4.423053
4.4700,4.376203,4.269962,4.432646
4.4800,4.385820,4.279544,4.442205
4.4900,4.395435,4.289090,4.451765
4.5000,4.405050,4.298664,4.461359
4.5100,4.414664,4.308219,4.470919
4.5200,4.424278,4.317766,4.480514
4.5300,4.433890,4.327349,4.490075
4.5400,4.443502,4.336896,4.499635
4.5500,4.453113,4.346478,4.509232
4.5600,4.462724,4.356028,4.518793
4.5700,4.472333,4.365578,4.528390
4.5800,4.481942,4.375161,4.537952
4.5900,4.491550,4.384711,4.547517
4.6000,4.501158,4.394296,4.557112
4.6100,4.510764,4.403846,4.566675
4.6200,4.520370,4.413402,4.576273
4.6300,4.529975,4.422982,4.585837
4.6400,4.539580,4.432533,4.595406
4.6500,4.549183,4.442119,4.605000
4.6600,4.558786,4.451671,4.614564
4.6700,4.568389,4.461233,4.624160
4.6800,4.577990,4.470810,4.633699
4.6900,4.587591,4.480362,4.643276
4.7000,4.597191,4.489951,4.652816
4.7100,4.606790,4.499504,4.662356
4.7200,4.616388,4.509083,4.671934
4.7300,4.625986,4.518669,4.681474
4.7400,4.635583,4.528235,4.691053
4.7500,4.645179,4.537835,4.700594
4.7600,4.654775,4.547402,4.710136
4.7700,4.664369,4.556986,4.719715
4.7800,4.673963,4.566570,4.729258
4.7900,4.683556,4.576138,4.738838
4.8000,4.693149,4.585740,4.748381
4.8100,4.702741,4.595308,4.757924
4.8200,4.712332,4.604897,4.767505
4.8300,4.721922,4.614480,4.777049
4.8400,4.731512,4.624049,4.786630
4.8500,4.741100,4.633653,4.796175
4.8600,4.750688,4.643222,4.805720
4.8700,4.760276,4.652815,4.815302
4.8800,4.769862,4.662397,4.824849
4.8900,4.779448,4.671968,4.834438
4.9000,4.789033,4.681573,4.843991
4.9100,4.798617,4.691144,4.853580
4.9200,4.808201,4.700740,4.863133
4.9300,4.817784,4.710322,4.872686
4.9400,4.827366,4.719894,4.882276
4.9500,4.836947,4.729501,4.891830
4.9600,4.846528,4.739073,4.901421
4.9700,4.856108,4.748673,4.910976
4.9800,4.865687,4.758254,4.920531
4.9900,4.875265,4.767828,4.930122
5.0000,4.884843,4.777436,4.939678
5.0100,4.894420,4.787010,4.949270
5.0200,4.903996,4.796613,4.958827
5.0300,4.913572,4.806194,4.968383
5.0400,4.923146,4.815769,4.977976
5.0500,4.932720,4.825379,4.987533
5.0600,4.942294,4.834954,4.997127
5.0700,4.951866,4.844560,5.006685
5.0800,4.961438,4.854141,5.016243
5.0900,4.971009,4.863718,5.025839
5.1000,4.980579,4.873329,5.035401
5.1100,4.990149,4.882906,5.044982
5.1200,4.999717,4.892515,5.054562
5.1300,5.009374,4.902096,5.064126
5.1400,5.019034,4.911674,5.073725
5.1500,5.028693,4.921287,5.083289
5.1600,5.038351,4.930866,5.092889
5.1700,5.048010,4.940477,5.102453
5.1800,5.057667,4.950058,5.112018
5.1900,5.067325,4.959638,5.121619
5.2000,5.076982,4.969252,5.131184
5.2100,5.086638,4.978832,5.140786
5.2200,5.096294,4.988446,5.150352
5.2300,5.105950,4.998028,5.159918
5.2400,5.115606,5.007603,5.169521
5.2500,5.125261,5.017213,5.179087
5.2600,5.134915,5.026788,5.188690
5.2700,5.144569,5.036397,5.198258
5.2800,5.154223,5.045973,5.207826
5.2900,5.163876,5.055550,5.217430
5.3000,5.173529,5.065159,5.226998
5.3100,5.183182,5.074736,5.236602
5.3200,5.192834,5.084347,5.246171
5.3300,5.202486,5.093924,5.255741
5.3400,5.212137,5.103504,5.265346
5.3500,5.221788,5.113114,5.274916
5.3600,5.231439,5.122691,5.284522
5.3700,5.241089,5.132304,5.294092
5.3800,5.250739,5.141883,5.303696
5.3900,5.260388,5.151465,5.313270
5.4000,5.270037,5.161075,5.322841
5.4100,5.279686,5.170654,5.332447
5.4200,5.289334,5.180268,5.342020
5.4300,5.298982,5.189848,5.351627
5.4400,5.308629,5.199433,5.361201
5.4500,5.318276,5.209044,5.370774
5.4600,5.327922,5.218624,5.380382
5.4700,5.337569,5.228240,5.389956
5.4800,5.347214,5.237821,5.399565
5.4900,5.356860,5.247408,5.409139
5.5000,5.366505,5.257019,5.418714
5.5100,5.376149,5.266601,5.428324
5.5200,5.385793,5.276218,5.437899
5.5300,5.395437,5.285801,5.447510
5.5400,5.405080,5.295390,5.457085
5.5500,5.414723,5.305002,5.466661
5.5600,5.424366,5.314586,5.476273
5.5700,5.434008,5.324204,5.485849
5.5800,5.443650,5.333788,5.495461
5.5900,5.453291,5.343379,5.505038
5.6000,5.462932,5.352992,5.514615
5.6100,5.472573,5.362578,5.524231
5.6200,5.482213,5.372197,5.533821
5.6300,5.491853,5.381783,5.543446
5.6400,5.501492,5.391375,5.553036
5.6500,5.511131,5.400990,5.562632
5.6600,5.520770,5.410576,5.572253
5.6700,5.530408,5.420198,5.581844
5.6800,5.540046,5.429785,5.591440
5.6900,5.549683,5.439378,5.601062
5.7000,5.559320,5.448994,5.610658
5.7100,5.568956,5.458582,5.620281
5.7200,5.578593,5.468205,5.629874
5.7300,5.588228,5.477793,5.639471
5.7400,5.597864,5.487388,5.649095
5.7500,5.607499,5.497006,5.658692
5.7600,5.617133,5.506594,5.668318
5.7700,5.626768,5.516217,5.677912
5.7800,5.636401,5.525805,5.687509
5.7900,5.646035,5.535399,5.697136
5.8000,5.655668,5.545017,5.706733
5.8100,5.665300,5.554606,5.716361
5.8200,5.674932,5.564230,5.725957
5.8300,5.684564,5.573820,5.735554
5.8400,5.694196,5.583415,5.745183
5.8500,5.703827,5.593035,5.754781
5.8600,5.713457,5.602626,5.764411
5.8700,5.723087,5.612251,5.774008
5.8800,5.732717,5.621842,5.783606
5.8900,5.742347,5.631438,5.793238
5.9000,5.751976,5.641060,5.802836
5.9100,5.761604,5.650652,5.812467
5.9200,5.771232,5.660279,5.822067
5.9300,5.780860,5.669871,5.831666
5.9400,5.790488,5.679468,5.841300
5.9500,5.800115,5.689092,5.850899
5.9600,5.809741,5.698686,5.860529
5.9700,5.819368,5.708314,5.870133
5.9800,5.828993,5.717908,5.879733
5.9900,5.838619,5.727505,5.889368
6.0000,5.848244,5.737131,5.898969
6.0100,5.857868,5.746726,5.908599
6.0200,5.867493,5.756355,5.918206
6.0300,5.877117,5.765951,5.927808
6.0400,5.886740,5.775548,5.937444
6.0500,5.896363,5.785177,5.947047
6.0600,5.905986,5.794773,5.956676
6.0700,5.915608,5.804404,5.966286
6.0800,5.925230,5.814001,5.975889
6.0900,5.934851,5.823598,5.985527
6.1000,5.944472,5.833230,5.995131
6.1100,5.954093,5.842827,6.004769
6.1200,5.963713,5.852458,6.014373
6.1300,5.973333,5.862058,6.023976
6.1400,5.982953,5.871656,6.033609
6.1500,5.992572,5.881290,6.043207
6.1600,6.002202,5.890889,6.052841
6.1700,6.011874,5.900519,6.062440
6.1800,6.021545,5.910122,6.072039
6.1900,6.031216,5.919722,6.081673
6.2000,6.040887,5.929356,6.091272
6.2100,6.050558,5.938957,6.100907
6.2200,6.060228,5.948586,6.110507
6.2300,6.069898,5.958193,6.120108
6.2400,6.079568,5.967794,6.129743
6.2500,6.089238,5.977430,6.139344
6.2600,6.098907,5.987032,6.148980
6.2700,6.108577,5.996661,6.158582
6.2800,6.118245,6.006274,6.168183
6.2900,6.127914,6.015882,6.177820
6.3000,6.137583,6.025524,6.187423
6.3100,6.147251,6.035133,6.197060
6.3200,6.156919,6.044766,6.206663
6.3300,6.166587,6.054385,6.216281
6.3400,6.176255,6.063995,6.225904
6.3500,6.185922,6.073638,6.235508
6.3600,6.195589,6.083249,6.245147
6.3700,6.205256,6.092879,6.254751
6.3800,6.214923,6.102504,6.264368
6.3900,6.224589,6.112115,6.273995
6.4000,6.234255,6.121759,6.283600
6.4100,6.243921,6.131371,6.293240
6.4200,6.253587,6.141000,6.302846
6.4300,6.263253,6.150629,6.312462
6.4400,6.272918,6.160241,6.322093
6.4500,6.282583,6.169887,6.331699
6.4600,6.292248,6.179500,6.341314
6.4700,6.301912,6.189127,6.350948
6.4800,6.311577,6.198760,6.360562
6.4900,6.321241,6.208374,6.370197
6.5000,6.330905,6.218022,6.379805
6.5100,6.340568,6.227636,6.389418
6.5200,6.350232,6.237260,6.399056
6.5300,6.359895,6.246899,6.408669
6.5400,6.369558,6.256514,6.418308
6.5500,6.379221,6.266163,6.427917
6.5600,6.388883,6.275778,6.437529
6.5700,6.398546,6.285400,6.447171
6.5800,6.408208,6.295044,6.456782
6.5900,6.417870,6.304660,6.466425
6.6000,6.427531,6.314311,6.476037
6.6100,6.437193,6.323927,6.485647
6.6200,6.446854,6.333546,6.495293
6.6300,6.456515,6.343196,6.504904
6.6400,6.466175,6.352813,6.514546
6.6500,6.475836,6.362463,6.524162
6.6600,6.485496,6.372083,6.533773
6.6700,6.495156,6.381702,6.543418
6.6800,6.504816,6.391354,6.553029
6.6900,6.514475,6.400973,6.562668
6.7000,6.524135,6.410620,6.572287
6.7100,6.533794,6.420246,6.581899
6.7200,6.543453,6.429865,6.591546
6.7300,6.553111,6.439519,6.601158
6.7400,6.562770,6.449140,6.610794
6.7500,6.572428,6.458783,6.620418
6.7600,6.582086,6.468415,6.630032
6.7700,6.591743,6.478036,6.639680
6.7800,6.601401,6.487691,6.649294
6.7900,6.611058,6.497313,6.658927
6.8000,6.620715,6.506953,6.668556
6.8100,6.630372,6.516590,6.678171
6.8200,6.640028,6.526213,6.687820
6.8300,6.649685,6.535869,6.697435
6.8400,6.659341,6.545492,6.707085
6.8500,6.668997,6.555129,6.716701
6.8600,6.678652,6.564772,6.726317
6.8700,6.688308,6.574396,6.735968
6.8800,6.697963,6.584054,6.745584
6.8900,6.707618,6.593678,6.755235
6.9000,6.717273,6.603311,6.764852
6.9100,6.726927,6.612961,6.774469
6.9200,6.736581,6.622586,6.784121
6.9300,6.746235,6.632245,6.793739
6.9400,6.755889,6.641871,6.803392
6.9500,6.765543,6.651499,6.813010
6.9600,6.775196,6.661156,6.822629
6.9700,6.784849,6.670783,6.832282
6.9800,6.794502,6.680442,6.841901
6.9900,6.804155,6.690070,6.851555
7.0000,6.813807,6.699697,6.861174
7.0100,6.823459,6.709358,6.870794
7.0200,6.833111,6.718985,6.880447
7.0300,6.842763,6.728640,6.890069
7.0400,6.852414,6.738275,6.899721
7.0500,6.862066,6.747904,6.909345
7.0600,6.871717,6.757566,6.918966
7.0700,6.881367,6.767195,6.928616
7.0800,6.891018,6.776845,6.938244
7.0900,6.900668,6.786487,6.947892
7.1000,6.910319,6.796117,6.957522
7.1100,6.919968,6.805781,6.967145
7.1200,6.929618,6.815411,6.976791
7.1300,6.939268,6.825057,6.986425
7.1400,6.948917,6.834706,6.996069
7.1500,6.958566,6.844337,7.005706
7.1600,6.968214,6.854002,7.015330
7.1700,6.977863,6.863633,7.024973
7.1800,6.987511,6.873274,7.034619
7.1900,6.997159,6.882930,7.044265
7.2000,7.006837,6.892563,7.053914
7.2100,7.016526,6.902229,7.063544
7.2200,7.026216,6.911862,7.073187
7.2300,7.035905,6.921498,7.082840
7.2400,7.045595,6.931162,7.092472
7.2500,7.055284,6.940795,7.102137
7.2600,7.064973,6.950461,7.111769
7.2700,7.074662,6.960097,7.121407
7.2800,7.084350,6.969732,7.131068
7.2900,7.094039,6.979400,7.140700
7.3000,7.103728,6.989035,7.150367
7.3100,7.113416,6.998695,7.160001
7.3200,7.123105,7.008337,7.169634
7.3300,7.132793,7.017971,7.179301
7.3400,7.142481,7.027639,7.188935
7.3500,7.152169,7.037273,7.198603
7.3600,7.161857,7.046927,7.208238
7.3700,7.171545,7.056576,7.217873
7.3800,7.181232,7.066212,7.227542
7.3900,7.190920,7.075881,7.237177
7.4000,7.200607,7.085517,7.246846
7.4100,7.210295,7.095166,7.256482
7.4200,7.219982,7.104824,7.266118
7.4300,7.229669,7.114461,7.275788
7.4400,7.239356,7.124131,7.285424
7.4500,7.249043,7.133768,7.295095
7.4600,7.258729,7.143411,7.304732
7.4700,7.268416,7.153077,7.314369
7.4800,7.278103,7.162714,7.324041
7.4900,7.287789,7.172386,7.333678
7.5000,7.297475,7.182024,7.343350
7.5100,7.307161,7.191663,7.352988
7.5200,7.316847,7.201335,7.362632
7.5300,7.326533,7.210974,7.372299
7.5400,7.336219,7.220640,7.381938
7.5500,7.345905,7.230286,7.391611
7.5600,7.355590,7.239926,7.401251
7.5700,7.365276,7.249599,7.410891
7.5800,7.374961,7.259240,7.420560
7.5900,7.384646,7.268900,7.430205
7.6000,7.394332,7.278554,7.439872
7.6100,7.404017,7.288195,7.449520
7.6200,7.413701,7.297870,7.459161
7.6300,7.423386,7.307512,7.468824
7.6400,7.433071,7.317167,7.478478
7.6500,7.442755,7.326831,7.488138
7.6600,7.452440,7.336473,7.497795
7.6700,7.462124,7.346149,7.507437
7.6800,7.471808,7.355792,7.517094
7.6900,7.481492,7.365439,7.526756
7.7000,7.491176,7.375111,7.536410
7.7100,7.500860,7.384755,7.546076
7.7200,7.510544,7.394431,7.555720
7.7300,7.520228,7.404076,7.565370
7.7400,7.529911,7.413720,7.575041
7.7500,7.539595,7.423398,7.584689
7.7600,7.549278,7.433042,7.594364
7.7700,7.558961,7.442712,7.604009
7.7800,7.568644,7.452366,7.613654
7.7900,7.578327,7.462011,7.623333
7.8000,7.588010,7.471690,7.632978
7.8100,7.597692,7.481336,7.642657
7.8200,7.607375,7.490999,7.652303
7.8300,7.617057,7.500662,7.661950
7.8400,7.626740,7.510309,7.671630
7.8500,7.636422,7.519989,7.681277
7.8600,7.646104,7.529636,7.690957
7.8700,7.655786,7.539292,7.700604
7.8800,7.665468,7.548965,7.710252
7.8900,7.675150,7.558614,7.719933
7.9000,7.684831,7.568295,7.729581
7.9100,7.694513,7.577944,7.739263
7.9200,7.704194,7.587593,7.748911
7.9300,7.713876,7.597274,7.758560
7.9400,7.723557,7.606923,7.768242
7.9500,7.733238,7.616600,7.777892
7.9600,7.742919,7.626256,7.787575
7.9700,7.752600,7.635905,7.797224
7.9800,7.762280,7.645589,7.806874
7.9900,7.771961,7.655239,7.816558
8.0000,7.781642,7.664908,7.826208
8.0100,7.791322,7.674573,7.835885
8.0200,7.801002,7.684224,7.845544
8.0300,7.810682,7.693909,7.855195
8.0400,7.820362,7.703560,7.864866
8.0500,7.830042,7.713222,7.874531
8.0600,7.839722,7.722897,7.884200
8.0700,7.849402,7.732549,7.893869
8.0800,7.859081,7.742235,7.903521
8.0900,7.868761,7.751887,7.913185
8.1000,7.878440,7.761542,7.922860
8.1100,7.888119,7.771228,7.932521
8.1200,7.897799,7.780882,7.942200
8.1300,7.907478,7.790564,7.951853
8.1400,7.917156,7.800223,7.961510
8.1500,7.926835,7.809877,7.971195
8.1600,7.936514,7.819564,7.980849
8.1700,7.946192,7.829219,7.990534
8.1800,7.955871,7.838893,8.000193
8.1900,7.965549,7.848562,8.009873
8.2000,7.975227,7.858217,8.019535
8.2100,7.984905,7.867906,8.029189
8.2200,7.994583,7.877561,8.038877
8.2300,8.004274,7.887228,8.048531
8.2400,8.013980,7.896907,8.058203
8.2500,8.023687,7.906563,8.067874
8.2600,8.033393,7.916253,8.077529
8.2700,8.043100,7.925910,8.087218
8.2800,8.052806,7.935568,8.096873
8.2900,8.062512,7.945257,8.106537
8.3000,8.072218,7.954915,8.116220
8.3100,8.081925,7.964600,8.125877
8.3200,8.091631,7.974264,8.135567
8.3300,8.101337,7.983923,8.145224
8.3400,8.111043,7.993615,8.154880
8.3500,8.120749,8.003276,8.164571
8.3600,8.130455,8.012957,8.174228
8.3700,8.140161,8.022636,8.183911
8.3800,8.149867,8.032299,8.193577
8.3900,8.159572,8.041996,8.203235
8.4000,8.169278,8.051661,8.212927
8.4100,8.178984,8.061334,8.222586
8.4200,8.188689,8.071024,8.232260
8.4300,8.198395,8.080689,8.241937
8.4400,8.208101,8.090387,8.251596
8.4500,8.217806,8.100052,8.261289
8.4600,8.227512,8.109719,8.270949
8.4700,8.237217,8.119418,8.280614
8.4800,8.246922,8.129084,8.290302
8.4900,8.256628,8.138773,8.299963
8.5000,8.266333,8.148450,8.309655
8.5100,8.276038,8.158118,8.319318
8.5200,8.285744,8.167818,8.328980
8.5300,8.295449,8.177485,8.338675
8.5400,8.305154,8.187164,8.348337
8.5500,8.314859,8.196853,8.358021
8.5600,8.324564,8.206521,8.367694
8.5700,8.334269,8.216223,8.377357
8.5800,8.343974,8.225892,8.387052
8.5900,8.353679,8.235561,8.396715
8.6000,8.363384,8.245262,8.406378
8.6100,8.373088,8.254932,8.416075
8.6200,8.382793,8.264628,8.425738
8.6300,8.392498,8.274304,8.435435
8.6400,8.402202,8.283973,8.445099
8.6500,8.411907,8.293676,8.454763
8.6600,8.421612,8.303346,8.464461
8.6700,8.431316,8.313033,8.474125
8.6800,8.441021,8.322722,8.483817
8.6900,8.450725,8.332392,8.493488
8.7000,8.460429,8.342096,8.503153
8.7100,8.470134,8.351767,8.512852
8.7200,8.479838,8.361443,8.522518
8.7300,8.489542,8.371144,8.532200
8.7400,8.499246,8.380817,8.541883
8.7500,8.508950,8.390519,8.551550
8.7600,8.518655,8.400194,8.561250
8.7700,8.528359,8.409868,8.570917
8.7800,8.538063,8.419574,8.580591
8.7900,8.547767,8.429247,8.590286
8.8000,8.557470,8.438939,8.599954
8.8100,8.567174,8.448627,8.609653
8.8200,8.576878,8.458300,8.619323
8.8300,8.586582,8.468008,8.628991
8.8400,8.596286,8.477683,8.638684
8.8500,8.605989,8.487364,8.648361
8.8600,8.615693,8.497065,8.658051
8.8700,8.625396,8.506740,8.667732
8.8800,8.635100,8.516447,8.677401
8.8900,8.644803,8.526124,8.687085
8.9000,8.654507,8.535800,8.696774
8.9100,8.664210,8.545508,8.706454
8.9200,8.673914,8.555184,8.716147
8.9300,8.683617,8.564880,8.725818
8.9400,8.693320,8.574571,8.735492
8.9500,8.703023,8.584248,8.745193
8.9600,8.712727,8.593957,8.754864
8.9700,8.722430,8.603634,8.764568
8.9800,8.732133,8.613319,8.774240
8.9900,8.741836,8.623022,8.783912
9.0000,8.751539,8.632701,8.793618
9.0100,8.761242,8.642411,8.803291
9.0200,8.770945,8.652090,8.812997
9.0300,8.780647,8.661768,8.822669
9.0400,8.790350,8.671481,8.832342
9.0500,8.800053,8.681160,8.842049
9.0600,8.809756,8.690859,8.851722
9.0700,8.819458,8.700551,8.861429
9.0800,8.829161,8.710230,8.871102
9.0900,8.838863,8.719943,8.880776
9.1000,8.848566,8.729624,8.890484
9.1100,8.858268,8.739313,8.900158
9.1200,8.867971,8.749018,8.909859
9.1300,8.877673,8.758698,8.919541
9.1400,8.887375,8.768412,8.929216
9.1500,8.897078,8.778094,8.938925
9.1600,8.906780,8.787776,8.948600
9.1700,8.916482,8.797490,8.958290
9.1800,8.926184,8.807171,8.967985
9.1900,8.935886,8.816873,8.977661
9.2000,8.945588,8.826568,8.987371
9.2100,8.955290,8.836252,8.997047
9.2200,8.964992,8.845967,9.006727
9.2300,8.974694,8.855650,9.016435
9.2400,8.984396,8.865340,9.026116
9.2500,8.994098,8.875048,9.035824
9.2600,9.003809,8.884732,9.045512
9.2700,9.013534,8.894448,9.055194
9.2800,9.023260,8.904134,9.064896
9.2900,9.032985,8.913818,9.074593
9.3000,9.042710,8.923535,9.084291
9.3100,9.052436,8.933220,9.093993
9.3200,9.062161,8.942924,9.103676
9.3300,9.071887,8.952623,9.113366
9.3400,9.081612,8.962308,9.123076
9.3500,9.091337,8.972026,9.132762
9.3600,9.101063,8.981712,9.142479
9.3700,9.110788,8.991404,9.152163
9.3800,9.120514,9.001117,9.161848
9.3900,9.130239,9.010800,9.171566
9.4000,9.139964,9.020513,9.181252
9.4100,9.149690,9.030200,9.190970
9.4200,9.159415,9.039883,9.200656
9.4300,9.169141,9.049600,9.210341
9.4400,9.178866,9.059284,9.220060
9.4500,9.188592,9.068985,9.229747
9.4600,9.198317,9.078685,9.239438
9.4700,9.208042,9.088370,9.249153
9.4800,9.217768,9.098088,9.258840
9.4900,9.227493,9.107774,9.268560
9.5000,9.237219,9.117464,9.278249
9.5100,9.246944,9.127178,9.287936
9.5200,9.256670,9.136864,9.297656
9.5300,9.266395,9.146578,9.307344
9.5400,9.276121,9.156269,9.317065
9.5500,9.285846,9.165955,9.326754
9.5600,9.295572,9.175675,9.336443
9.5700,9.305297,9.185361,9.346165
9.5800,9.315023,9.195063,9.355854
9.5900,9.324748,9.204768,9.365575
9.6000,9.334474,9.214456,9.375265
9.6100,9.344199,9.224176,9.384954
9.6200,9.353925,9.233864,9.394670
9.6300,9.363650,9.243554,9.404368
9.6400,9.373376,9.253274,9.414078
9.6500,9.383101,9.262964,9.423781
9.6600,9.392827,9.272677,9.433473
9.6700,9.402552,9.282374,9.443176
9.6800,9.412278,9.292063,9.452888
9.6900,9.422003,9.301785,9.462585
9.7000,9.431729,9.311474,9.472303
9.7100,9.441455,9.321176,9.481995
9.7200,9.451180,9.330887,9.491688
9.7300,9.460906,9.340577,9.501413
9.7400,9.470631,9.350300,9.511105
9.7500,9.480357,9.359990,9.520819
9.7600,9.490082,9.369681,9.530524
9.7700,9.499808,9.379405,9.540218
9.7800,9.509534,9.389097,9.549944
9.7900,9.519259,9.398811,9.559637
9.8000,9.528985,9.408514,9.569337
9.8100,9.538710,9.418205,9.579057
9.8200,9.548436,9.427930,9.588751
9.8300,9.558162,9.437622,9.598479
9.8400,9.567887,9.447322,9.608173
9.8500,9.577613,9.457040,9.617868
9.8600,9.587338,9.466733,9.627595
9.8700,9.597064,9.476457,9.637290
9.8800,9.606790,9.486152,9.647018
9.8900,9.616515,9.495845,9.656714
9.9000,9.626241,9.505571,9.666411
9.9100,9.635967,9.515265,9.676139
9.9200,9.645692,9.524976,9.685835
9.9300,9.655418,9.534686,9.695565
9.9400,9.665144,9.544381,9.705262
9.9500,9.674869,9.554109,9.714958
9.9600,9.684595,9.563805,9.724680
9.9700,9.694320,9.573503,9.734385
9.9800,9.704046,9.583228,9.744101
9.9900,9.713772,9.592923,9.753813
10.0000,9.723498,9.602645,9.763511
10.0100,9.733223,9.612348,9.773219
10.0200,9.742949,9.622044,9.782940
10.0300,9.752675,9.631773,9.792643
10.0400,9.762400,9.641469,9.802371
10.0500,9.772126,9.651177,9.812069
10.0600,9.781852,9.660895,9.821768
10.0700,9.791577,9.670592,9.831500
10.0800,9.801303,9.680322,9.841199
10.0900,9.811029,9.690021,9.850918
10.1000,9.820755,9.699719,9.860632
10.1100,9.830480,9.709450,9.870332
10.1200,9.840206,9.719148,9.880065
10.1300,9.849932,9.728866,9.889765
10.1400,9.859658,9.738578,9.899469
10.1500,9.869383,9.748276,9.909199
10.1600,9.879109,9.758008,9.918901
10.1700,9.888835,9.767707,9.928635
10.1800,9.898561,9.777411,9.938336
10.1900,9.908286,9.787138,9.948038
10.2000,9.918012,9.796838,9.957773
10.2100,9.927738,9.806566,9.967476
10.2200,9.937464,9.816271,9.977210
10.2300,9.947189,9.825971,9.986913
10.2400,9.956915,9.835704,9.996615
10.2500,9.966641,9.845405,10.006350
10.2600,9.976367,9.855120,10.016054
10.2700,9.986093,9.864842,10.025784
10.2800,9.995818,9.874543,10.035490
10.2900,10.000000,9.884277,10.045190
10.3000,10.000000,9.893979,10.054909
10.3100,10.000000,9.903681,10.064624
10.3200,10.000000,9.913415,10.074337
10.3300,10.000000,9.923118,10.084058
10.3400,10.000000,9.932841,10.093759
10.3500,10.000000,9.942555,10.103465
10.3600,10.000000,9.952258,10.113195
10.3700,10.000000,9.961994,10.122897
10.3800,10.000000,9.971697,10.132627
10.3900,10.000000,9.981406,10.142336
10.4000,10.000000,9.991138,10.152039
10.4100,10.000000,10.000844,10.161774
10.4200,10.000000,10.010583,10.171477
10.4300,10.000000,10.020301,10.181191
10.4400,10.000000,10.030014,10.190916
10.4500,10.000000,10.039759,10.200619
10.4600,10.000000,10.049472,10.210356
10.4700,10.000000,10.059197,10.220059
10.4800,10.000000,10.068931,10.229763
10.4900,10.000000,10.078645,10.239500
10.5000,10.000000,10.088392,10.249205
10.5100,10.000000,10.098108,10.258942
10.5200,10.000000,10.107822,10.268648
10.5300,10.000000,10.117569,10.278354
10.5400,10.000000,10.127284,10.288092
10.5500,10.000000,10.137014,10.297797
10.5600,10.000000,10.146746,10.307535
10.5700,10.000000,10.156461,10.317241
10.5800,10.000000,10.166209,10.326947
10.5900,10.000000,10.175926,10.336678
10.6000,10.000000,10.185643,10.346392
10.6100,10.000000,10.195391,10.356118
10.6200,10.000000,10.205107,10.365838
10.6300,10.000000,10.214844,10.375545
10.6400,10.000000,10.224572,10.385262
10.6500,10.000000,10.234289,10.394992
10.6600,10.000000,10.244038,10.404703
10.6700,10.000000,10.253756,10.414440
10.6800,10.000000,10.263477,10.424150
10.6900,10.000000,10.273224,10.433858
10.7000,10.000000,10.282943,10.443599
10.7100,10.000000,10.292685,10.453308
10.7200,10.000000,10.302411,10.463032
10.7300,10.000000,10.312130,10.472758
10.7400,10.000000,10.321880,10.482467
10.7500,10.000000,10.331599,10.492209
10.7600,10.000000,10.341326,10.501918
10.7700,10.000000,10.351070,10.511628
10.7800,10.000000,10.360791,10.521371
10.7900,10.000000,10.370539,10.531081
10.8000,10.000000,10.380262,10.540824
10.8100,10.000000,10.389982,10.550534
10.8200,10.000000,10.399734,10.560244
10.8300,10.000000,10.409454,10.569989
10.8400,10.000000,10.419186,10.579701
10.8500,10.000000,10.428928,10.589445
10.8600,10.000000,10.438649,10.599156
10.8700,10.000000,10.448402,10.608868
10.8800,10.000000,10.458125,10.618606
10.8900,10.000000,10.467846,10.628324
10.9000,10.000000,10.477600,10.638056
10.9100,10.000000,10.487322,10.647781
10.9200,10.000000,10.497058,10.657494
10.9300,10.000000,10.506798,10.667217
10.9400,10.000000,10.516520,10.676952
10.9500,10.000000,10.526275,10.686668
10.9600,10.000000,10.535999,10.696410
10.9700,10.000000,10.545723,10.706125
10.9800,10.000000,10.555478,10.715839
10.9900,10.000000,10.565201,10.725586
11.0000,10.000000,10.574942,10.735300
11.0100,10.000000,10.584680,10.745030
11.0200,10.000000,10.594404,10.754762
11.0300,10.000000,10.604160,10.764485
11.0400,10.000000,10.613884,10.774224
11.0500,10.000000,10.623609,10.783938
11.0600,10.000000,10.633367,10.793654
11.0700,10.000000,10.643092,10.803402
11.0800,10.000000,10.652837,10.813117
11.0900,10.000000,10.662574,10.822865
11.1000,10.000000,10.672300,10.832581
11.1100,10.000000,10.682057,10.842297
11.1200,10.000000,10.691783,10.852046
11.1300,10.000000,10.701511,10.861763
11.1400,10.000000,10.711268,10.871513
11.1500,10.000000,10.720995,10.881231
11.1600,10.000000,10.730744,10.890948
11.1700,10.000000,10.740480,10.900690
11.1800,10.000000,10.750207,10.910415
11.1900,10.000000,10.759966,10.920150
11.2000,10.000000,10.769693,10.929883
11.2100,10.000000,10.779425,10.939601
11.2200,10.000000,10.789180,10.949326
11.2300,10.000000,10.798907,10.959070
11.2400,10.000000,10.808661,10.968789
11.2500,10.000000,10.818397,10.978536
11.2600,10.000000,10.828126,10.988258
11.2700,10.000000,10.837886,10.997999
11.2800,10.000000,10.847615,11.007730
11.2900,10.000000,10.857350,11.017450
11.3000,10.000000,10.867104,11.027186
11.3100,10.000000,10.876834,11.036935
11.3200,10.000000,10.886590,11.046667
11.3300,10.000000,10.896326,11.056424
11.3400,10.000000,10.906056,11.066153
11.3500,10.000000,10.915818,11.075882
11.3600,10.000000,10.925548,11.085643
11.3700,10.000000,10.935287,11.095373
11.3800,10.000000,10.945040,11.105134
11.3900,10.000000,10.954771,11.114865
11.4000,10.000000,10.964530,11.124596
11.4100,10.000000,10.974265,11.134358
11.4200,10.000000,10.983996,11.144088
11.4300,10.000000,10.993761,11.153844
11.4400,10.000000,11.003493,11.163581
11.4500,10.000000,11.013234,11.173312
11.4600,10.000000,11.022988,11.183057
11.4700,10.000000,11.032720,11.192807
11.4800,10.000000,11.042482,11.202546
11.4900,10.000000,11.052217,11.212302
11.5000,10.000000,11.061950,11.222034
11.5100,10.000000,11.071715,11.231793
11.5200,10.000000,11.081449,11.241530
11.5300,10.000000,11.091193,11.251262
11.5400,10.000000,11.100947,11.261010
11.5500,10.000000,11.110681,11.270759
11.5600,10.000000,11.120445,11.280500
11.5700,10.000000,11.130180,11.290257
11.5800,10.000000,11.139914,11.299991
11.5900,10.000000,11.149680,11.309725
11.6000,10.000000,11.159415,11.319490
11.6100,10.000000,11.169162,11.329224
11.6200,10.000000,11.178918,11.338989
11.6300,10.000000,11.188653,11.348723
11.6400,10.000000,11.198419,11.358458
11.6500,10.000000,11.208155,11.368224
11.6600,10.000000,11.217890,11.377960
11.6700,10.000000,11.227658,11.387724
11.6800,10.000000,11.237393,11.397462
11.6900,10.000000,11.247142,11.407197
11.7000,10.000000,11.256899,11.416949
11.7100,10.000000,11.266636,11.426699
11.7200,10.000000,11.276404,11.436444
11.7300,10.000000,11.286141,11.446203
11.7400,10.000000,11.295878,11.455938
11.7500,10.000000,11.305646,11.465704
11.7600,10.000000,11.315384,11.475444
11.7700,10.000000,11.325133,11.485181
11.7800,10.000000,11.334890,11.494935
11.7900,10.000000,11.344628,11.504686
11.8000,10.000000,11.354399,11.514433
11.8100,10.000000,11.364138,11.524192
11.8200,10.000000,11.373876,11.533930
11.8300,10.000000,11.383646,11.543667
11.8400,10.000000,11.393385,11.553438
11.8500,10.000000,11.403136,11.563177
11.8600,10.000000,11.412894,11.572946
11.8700,10.000000,11.422634,11.582685
11.8800,10.000000,11.432405,11.592423
11.8900,10.000000,11.442146,11.602193
11.9000,10.000000,11.451886,11.611932
11.9100,10.000000,11.461657,11.621700
11.9200,10.000000,11.471397,11.631442
11.9300,10.000000,11.481149,11.641181
11.9400,10.000000,11.490909,11.650939
11.9500,10.000000,11.500650,11.660694
11.9600,10.000000,11.510421,11.670443
11.9700,10.000000,11.520163,11.680205
11.9800,10.000000,11.529905,11.689945
11.9900,10.000000,11.539679,11.699714
12.0000,10.000000,11.549420,11.709458
